Dates,Currency,Instruments,Sources,Expiry,Tenor,Quote
2019-05-28,USD,Depo,,TN,,2.3
2019-05-28,USD,Depo,,SN,,2.4
2019-05-28,USD,Depo,,1M,,2.36
2019-05-28,USD,Depo,,3M,,2.47
2019-05-28,USD,Fut,,M9,,97.4775
2019-05-28,USD,Fut,,U9,,97.615
2019-05-28,USD,Fut,,Z9,,97.705
2019-05-28,USD,Fut,,H0,,97.88
2019-05-28,USD,Fut,,M0,,97.995
2019-05-28,USD,Fut,,U0,,98.07
2019-05-28,USD,Fut,,Z0,,98.08
2019-05-28,USD,Fut,,H1,,98.115
2019-05-28,USD,Swap,ICAP,3Y,,2.062
2019-05-28,USD,Swap,ICAP,4Y,,2.044
2019-05-28,USD,Swap,ICAP,5Y,,2.051
2019-05-28,USD,Swap,ICAP,6Y,,2.074
2019-05-28,USD,Swap,ICAP,7Y,,2.102
2019-05-28,USD,Swap,ICAP,8Y,,2.133
2019-05-28,USD,Swap,ICAP,9Y,,2.165
2019-05-28,USD,Swap,ICAP,10Y,,2.198
2019-05-28,USD,Swap,ICAP,15Y,,2.315
2019-05-28,USD,Swap,ICAP,20Y,,2.368
2019-05-28,USD,Swap,ICAP,25Y,,2.384
2019-05-28,USD,Swap,ICAP,30Y,,2.39
2019-05-28,USD,Swaption,ICAP,1M,1Y,19.85
2019-05-28,USD,Swaption,ICAP,1M,2Y,28.95
2019-05-28,USD,Swaption,ICAP,1M,3Y,30.31
2019-05-28,USD,Swaption,ICAP,1M,4Y,30.93
2019-05-28,USD,Swaption,ICAP,1M,5Y,30.97
2019-05-28,USD,Swaption,ICAP,1M,6Y,30.26
2019-05-28,USD,Swaption,ICAP,1M,7Y,29.5
2019-05-28,USD,Swaption,ICAP,1M,8Y,28.34
2019-05-28,USD,Swaption,ICAP,1M,9Y,27.21
2019-05-28,USD,Swaption,ICAP,1M,10Y,26.1
2019-05-28,USD,Swaption,ICAP,1M,15Y,23.9
2019-05-28,USD,Swaption,ICAP,1M,20Y,22.07
2019-05-28,USD,Swaption,ICAP,1M,25Y,21.25
2019-05-28,USD,Swaption,ICAP,1M,30Y,20.5
2019-05-28,USD,Swaption,ICAP,3M,1Y,22.24
2019-05-28,USD,Swaption,ICAP,3M,2Y,30.37
2019-05-28,USD,Swaption,ICAP,3M,3Y,30.86
2019-05-28,USD,Swaption,ICAP,3M,4Y,31.08
2019-05-28,USD,Swaption,ICAP,3M,5Y,30.9
2019-05-28,USD,Swaption,ICAP,3M,6Y,29.91
2019-05-28,USD,Swaption,ICAP,3M,7Y,28.92
2019-05-28,USD,Swaption,ICAP,3M,8Y,27.95
2019-05-28,USD,Swaption,ICAP,3M,9Y,27.04
2019-05-28,USD,Swaption,ICAP,3M,10Y,26.15
2019-05-28,USD,Swaption,ICAP,3M,15Y,23.65
2019-05-28,USD,Swaption,ICAP,3M,20Y,22.23
2019-05-28,USD,Swaption,ICAP,3M,25Y,21.69
2019-05-28,USD,Swaption,ICAP,3M,30Y,20.97
2019-05-28,USD,Swaption,ICAP,6M,1Y,28.38
2019-05-28,USD,Swaption,ICAP,6M,2Y,33.34
2019-05-28,USD,Swaption,ICAP,6M,3Y,33.72
2019-05-28,USD,Swaption,ICAP,6M,4Y,32.71
2019-05-28,USD,Swaption,ICAP,6M,5Y,31.59
2019-05-28,USD,Swaption,ICAP,6M,6Y,30.61
2019-05-28,USD,Swaption,ICAP,6M,7Y,29.65
2019-05-28,USD,Swaption,ICAP,6M,8Y,28.74
2019-05-28,USD,Swaption,ICAP,6M,9Y,27.88
2019-05-28,USD,Swaption,ICAP,6M,10Y,27.05
2019-05-28,USD,Swaption,ICAP,6M,15Y,24.39
2019-05-28,USD,Swaption,ICAP,6M,20Y,22.87
2019-05-28,USD,Swaption,ICAP,6M,25Y,22.28
2019-05-28,USD,Swaption,ICAP,6M,30Y,21.67
2019-05-28,USD,Swaption,ICAP,1Y,1Y,35.19
2019-05-28,USD,Swaption,ICAP,1Y,2Y,36.27
2019-05-28,USD,Swaption,ICAP,1Y,3Y,35.01
2019-05-28,USD,Swaption,ICAP,1Y,4Y,33.37
2019-05-28,USD,Swaption,ICAP,1Y,5Y,31.95
2019-05-28,USD,Swaption,ICAP,1Y,6Y,30.83
2019-05-28,USD,Swaption,ICAP,1Y,7Y,29.78
2019-05-28,USD,Swaption,ICAP,1Y,8Y,28.8
2019-05-28,USD,Swaption,ICAP,1Y,9Y,27.89
2019-05-28,USD,Swaption,ICAP,1Y,10Y,27.04
2019-05-28,USD,Swaption,ICAP,1Y,15Y,24.41
2019-05-28,USD,Swaption,ICAP,1Y,20Y,22.95
2019-05-28,USD,Swaption,ICAP,1Y,25Y,22.33
2019-05-28,USD,Swaption,ICAP,1Y,30Y,21.9
2019-05-28,USD,Swaption,ICAP,2Y,1Y,37.23
2019-05-28,USD,Swaption,ICAP,2Y,2Y,35.75
2019-05-28,USD,Swaption,ICAP,2Y,3Y,34.14
2019-05-28,USD,Swaption,ICAP,2Y,4Y,32.77
2019-05-28,USD,Swaption,ICAP,2Y,5Y,31.1
2019-05-28,USD,Swaption,ICAP,2Y,6Y,30.07
2019-05-28,USD,Swaption,ICAP,2Y,7Y,29.13
2019-05-28,USD,Swaption,ICAP,2Y,8Y,28.25
2019-05-28,USD,Swaption,ICAP,2Y,9Y,27.42
2019-05-28,USD,Swaption,ICAP,2Y,10Y,26.69
2019-05-28,USD,Swaption,ICAP,2Y,15Y,24.19
2019-05-28,USD,Swaption,ICAP,2Y,20Y,22.84
2019-05-28,USD,Swaption,ICAP,2Y,25Y,22.43
2019-05-28,USD,Swaption,ICAP,2Y,30Y,22.03
2019-05-28,USD,Swaption,ICAP,3Y,1Y,35.68
2019-05-28,USD,Swaption,ICAP,3Y,2Y,33.96
2019-05-28,USD,Swaption,ICAP,3Y,3Y,32.61
2019-05-28,USD,Swaption,ICAP,3Y,4Y,31.21
2019-05-28,USD,Swaption,ICAP,3Y,5Y,29.92
2019-05-28,USD,Swaption,ICAP,3Y,6Y,29.03
2019-05-28,USD,Swaption,ICAP,3Y,7Y,28.22
2019-05-28,USD,Swaption,ICAP,3Y,8Y,27.42
2019-05-28,USD,Swaption,ICAP,3Y,9Y,26.73
2019-05-28,USD,Swaption,ICAP,3Y,10Y,26.1
2019-05-28,USD,Swaption,ICAP,3Y,15Y,23.87
2019-05-28,USD,Swaption,ICAP,3Y,20Y,22.58
2019-05-28,USD,Swaption,ICAP,3Y,25Y,22.29
2019-05-28,USD,Swaption,ICAP,3Y,30Y,21.98
2019-05-28,USD,Swaption,ICAP,4Y,1Y,33.47
2019-05-28,USD,Swaption,ICAP,4Y,2Y,32.22
2019-05-28,USD,Swaption,ICAP,4Y,3Y,31.07
2019-05-28,USD,Swaption,ICAP,4Y,4Y,30.1
2019-05-28,USD,Swaption,ICAP,4Y,5Y,28.87
2019-05-28,USD,Swaption,ICAP,4Y,6Y,28.1
2019-05-28,USD,Swaption,ICAP,4Y,7Y,27.37
2019-05-28,USD,Swaption,ICAP,4Y,8Y,26.71
2019-05-28,USD,Swaption,ICAP,4Y,9Y,26.1
2019-05-28,USD,Swaption,ICAP,4Y,10Y,25.57
2019-05-28,USD,Swaption,ICAP,4Y,15Y,23.54
2019-05-28,USD,Swaption,ICAP,4Y,20Y,22.41
2019-05-28,USD,Swaption,ICAP,4Y,25Y,22.15
2019-05-28,USD,Swaption,ICAP,4Y,30Y,21.92
2019-05-28,USD,Swaption,ICAP,5Y,1Y,32.1
2019-05-28,USD,Swaption,ICAP,5Y,2Y,31.22
2019-05-28,USD,Swaption,ICAP,5Y,3Y,30.17
2019-05-28,USD,Swaption,ICAP,5Y,4Y,29.13
2019-05-28,USD,Swaption,ICAP,5Y,5Y,28.2
2019-05-28,USD,Swaption,ICAP,5Y,6Y,27.47
2019-05-28,USD,Swaption,ICAP,5Y,7Y,26.86
2019-05-28,USD,Swaption,ICAP,5Y,8Y,26.27
2019-05-28,USD,Swaption,ICAP,5Y,9Y,25.76
2019-05-28,USD,Swaption,ICAP,5Y,10Y,25.29
2019-05-28,USD,Swaption,ICAP,5Y,15Y,23.41
2019-05-28,USD,Swaption,ICAP,5Y,20Y,22.37
2019-05-28,USD,Swaption,ICAP,5Y,25Y,22.17
2019-05-28,USD,Swaption,ICAP,5Y,30Y,22.01
2019-05-28,USD,Swaption,ICAP,6Y,1Y,30.46
2019-05-28,USD,Swaption,ICAP,6Y,2Y,29.58
2019-05-28,USD,Swaption,ICAP,6Y,3Y,28.76
2019-05-28,USD,Swaption,ICAP,6Y,4Y,27.97
2019-05-28,USD,Swaption,ICAP,6Y,5Y,27.19
2019-05-28,USD,Swaption,ICAP,6Y,6Y,26.62
2019-05-28,USD,Swaption,ICAP,6Y,7Y,26.1
2019-05-28,USD,Swaption,ICAP,6Y,8Y,25.62
2019-05-28,USD,Swaption,ICAP,6Y,9Y,25.18
2019-05-28,USD,Swaption,ICAP,6Y,10Y,24.78
2019-05-28,USD,Swaption,ICAP,6Y,15Y,23.1
2019-05-28,USD,Swaption,ICAP,6Y,20Y,22.17
2019-05-28,USD,Swaption,ICAP,6Y,25Y,21.99
2019-05-28,USD,Swaption,ICAP,6Y,30Y,21.91
2019-05-28,USD,Swaption,ICAP,7Y,1Y,29.02
2019-05-28,USD,Swaption,ICAP,7Y,2Y,28.13
2019-05-28,USD,Swaption,ICAP,7Y,3Y,27.5
2019-05-28,USD,Swaption,ICAP,7Y,4Y,26.88
2019-05-28,USD,Swaption,ICAP,7Y,5Y,26.4
2019-05-28,USD,Swaption,ICAP,7Y,6Y,25.91
2019-05-28,USD,Swaption,ICAP,7Y,7Y,25.5
2019-05-28,USD,Swaption,ICAP,7Y,8Y,25.1
2019-05-28,USD,Swaption,ICAP,7Y,9Y,24.73
2019-05-28,USD,Swaption,ICAP,7Y,10Y,24.37
2019-05-28,USD,Swaption,ICAP,7Y,15Y,22.85
2019-05-28,USD,Swaption,ICAP,7Y,20Y,22.01
2019-05-28,USD,Swaption,ICAP,7Y,25Y,21.87
2019-05-28,USD,Swaption,ICAP,7Y,30Y,21.85
2019-05-28,USD,Swaption,ICAP,8Y,1Y,27.76
2019-05-28,USD,Swaption,ICAP,8Y,2Y,27.07
2019-05-28,USD,Swaption,ICAP,8Y,3Y,26.41
2019-05-28,USD,Swaption,ICAP,8Y,4Y,26.03
2019-05-28,USD,Swaption,ICAP,8Y,5Y,25.68
2019-05-28,USD,Swaption,ICAP,8Y,6Y,25.31
2019-05-28,USD,Swaption,ICAP,8Y,7Y,24.96
2019-05-28,USD,Swaption,ICAP,8Y,8Y,24.61
2019-05-28,USD,Swaption,ICAP,8Y,9Y,24.28
2019-05-28,USD,Swaption,ICAP,8Y,10Y,23.97
2019-05-28,USD,Swaption,ICAP,8Y,15Y,22.57
2019-05-28,USD,Swaption,ICAP,8Y,20Y,21.84
2019-05-28,USD,Swaption,ICAP,8Y,25Y,21.71
2019-05-28,USD,Swaption,ICAP,8Y,30Y,21.78
2019-05-28,USD,Swaption,ICAP,9Y,1Y,26.76
2019-05-28,USD,Swaption,ICAP,9Y,2Y,26.06
2019-05-28,USD,Swaption,ICAP,9Y,3Y,25.65
2019-05-28,USD,Swaption,ICAP,9Y,4Y,25.36
2019-05-28,USD,Swaption,ICAP,9Y,5Y,25.14
2019-05-28,USD,Swaption,ICAP,9Y,6Y,24.81
2019-05-28,USD,Swaption,ICAP,9Y,7Y,24.52
2019-05-28,USD,Swaption,ICAP,9Y,8Y,24.22
2019-05-28,USD,Swaption,ICAP,9Y,9Y,23.94
2019-05-28,USD,Swaption,ICAP,9Y,10Y,23.67
2019-05-28,USD,Swaption,ICAP,9Y,15Y,22.38
2019-05-28,USD,Swaption,ICAP,9Y,20Y,21.71
2019-05-28,USD,Swaption,ICAP,9Y,25Y,21.63
2019-05-28,USD,Swaption,ICAP,9Y,30Y,21.75
2019-05-28,USD,Swaption,ICAP,10Y,1Y,25.61
2019-05-28,USD,Swaption,ICAP,10Y,2Y,25.31
2019-05-28,USD,Swaption,ICAP,10Y,3Y,25.0
2019-05-28,USD,Swaption,ICAP,10Y,4Y,24.85
2019-05-28,USD,Swaption,ICAP,10Y,5Y,24.71
2019-05-28,USD,Swaption,ICAP,10Y,6Y,24.44
2019-05-28,USD,Swaption,ICAP,10Y,7Y,24.18
2019-05-28,USD,Swaption,ICAP,10Y,8Y,23.93
2019-05-28,USD,Swaption,ICAP,10Y,9Y,23.68
2019-05-28,USD,Swaption,ICAP,10Y,10Y,23.44
2019-05-28,USD,Swaption,ICAP,10Y,15Y,22.23
2019-05-28,USD,Swaption,ICAP,10Y,20Y,21.62
2019-05-28,USD,Swaption,ICAP,10Y,25Y,21.54
2019-05-28,USD,Swaption,ICAP,10Y,30Y,21.76
2019-05-28,USD,Swaption,ICAP,15Y,1Y,24.34
2019-05-28,USD,Swaption,ICAP,15Y,2Y,24.03
2019-05-28,USD,Swaption,ICAP,15Y,3Y,23.92
2019-05-28,USD,Swaption,ICAP,15Y,4Y,23.85
2019-05-28,USD,Swaption,ICAP,15Y,5Y,23.8
2019-05-28,USD,Swaption,ICAP,15Y,6Y,23.65
2019-05-28,USD,Swaption,ICAP,15Y,7Y,23.51
2019-05-28,USD,Swaption,ICAP,15Y,8Y,23.35
2019-05-28,USD,Swaption,ICAP,15Y,9Y,23.18
2019-05-28,USD,Swaption,ICAP,15Y,10Y,23.0
2019-05-28,USD,Swaption,ICAP,15Y,15Y,22.08
2019-05-28,USD,Swaption,ICAP,15Y,20Y,21.7
2019-05-28,USD,Swaption,ICAP,15Y,25Y,21.93
2019-05-28,USD,Swaption,ICAP,15Y,30Y,22.26
2019-05-28,USD,Swaption,ICAP,20Y,1Y,23.78
2019-05-28,USD,Swaption,ICAP,20Y,2Y,23.65
2019-05-28,USD,Swaption,ICAP,20Y,3Y,23.53
2019-05-28,USD,Swaption,ICAP,20Y,4Y,23.45
2019-05-28,USD,Swaption,ICAP,20Y,5Y,23.33
2019-05-28,USD,Swaption,ICAP,20Y,6Y,23.18
2019-05-28,USD,Swaption,ICAP,20Y,7Y,23.02
2019-05-28,USD,Swaption,ICAP,20Y,8Y,22.83
2019-05-28,USD,Swaption,ICAP,20Y,9Y,22.62
2019-05-28,USD,Swaption,ICAP,20Y,10Y,22.43
2019-05-28,USD,Swaption,ICAP,20Y,15Y,21.83
2019-05-28,USD,Swaption,ICAP,20Y,20Y,21.94
2019-05-28,USD,Swaption,ICAP,20Y,25Y,22.31
2019-05-28,USD,Swaption,ICAP,20Y,30Y,22.5
2019-05-28,USD,Swaption,ICAP,25Y,1Y,23.62
2019-05-28,USD,Swaption,ICAP,25Y,2Y,23.57
2019-05-28,USD,Swaption,ICAP,25Y,3Y,23.39
2019-05-28,USD,Swaption,ICAP,25Y,4Y,23.24
2019-05-28,USD,Swaption,ICAP,25Y,5Y,23.1
2019-05-28,USD,Swaption,ICAP,25Y,6Y,22.95
2019-05-28,USD,Swaption,ICAP,25Y,7Y,22.81
2019-05-28,USD,Swaption,ICAP,25Y,8Y,22.67
2019-05-28,USD,Swaption,ICAP,25Y,9Y,22.56
2019-05-28,USD,Swaption,ICAP,25Y,10Y,22.47
2019-05-28,USD,Swaption,ICAP,25Y,15Y,22.62
2019-05-28,USD,Swaption,ICAP,25Y,20Y,22.99
2019-05-28,USD,Swaption,ICAP,25Y,25Y,23.16
2019-05-28,USD,Swaption,ICAP,25Y,30Y,23.37
2019-05-28,USD,Swaption,ICAP,30Y,1Y,22.74
2019-05-28,USD,Swaption,ICAP,30Y,2Y,22.8
2019-05-28,USD,Swaption,ICAP,30Y,3Y,22.78
2019-05-28,USD,Swaption,ICAP,30Y,4Y,22.73
2019-05-28,USD,Swaption,ICAP,30Y,5Y,22.71
2019-05-28,USD,Swaption,ICAP,30Y,6Y,22.8
2019-05-28,USD,Swaption,ICAP,30Y,7Y,22.91
2019-05-28,USD,Swaption,ICAP,30Y,8Y,23.02
2019-05-28,USD,Swaption,ICAP,30Y,9Y,23.13
2019-05-28,USD,Swaption,ICAP,30Y,10Y,23.22
2019-05-28,USD,Swaption,ICAP,30Y,15Y,23.74
2019-05-28,USD,Swaption,ICAP,30Y,20Y,23.83
2019-05-28,USD,Swaption,ICAP,30Y,25Y,24.02
2019-05-28,USD,Swaption,ICAP,30Y,30Y,24.31
2019-05-29,USD,Depo,,TN,,2.3
2019-05-29,USD,Depo,,SN,,2.3
2019-05-29,USD,Depo,,1M,,2.41
2019-05-29,USD,Depo,,3M,,2.43
2019-05-29,USD,Fut,,M9,,97.485
2019-05-29,USD,Fut,,U9,,97.635
2019-05-29,USD,Fut,,Z9,,97.755
2019-05-29,USD,Fut,,H0,,97.945
2019-05-29,USD,Fut,,M0,,98.07
2019-05-29,USD,Fut,,U0,,98.145
2019-05-29,USD,Fut,,Z0,,98.155
2019-05-29,USD,Fut,,H1,,98.19
2019-05-29,USD,Swap,ICAP,3Y,,2.04
2019-05-29,USD,Swap,ICAP,4Y,,2.023
2019-05-29,USD,Swap,ICAP,5Y,,2.032
2019-05-29,USD,Swap,ICAP,6Y,,2.056
2019-05-29,USD,Swap,ICAP,7Y,,2.084
2019-05-29,USD,Swap,ICAP,8Y,,2.115
2019-05-29,USD,Swap,ICAP,9Y,,2.148
2019-05-29,USD,Swap,ICAP,10Y,,2.181
2019-05-29,USD,Swap,ICAP,15Y,,2.303
2019-05-29,USD,Swap,ICAP,20Y,,2.359
2019-05-29,USD,Swap,ICAP,25Y,,2.377
2019-05-29,USD,Swap,ICAP,30Y,,2.384
2019-05-29,USD,Swaption,ICAP,1M,1Y,22.4
2019-05-29,USD,Swaption,ICAP,1M,2Y,32.67
2019-05-29,USD,Swaption,ICAP,1M,3Y,34.05
2019-05-29,USD,Swaption,ICAP,1M,4Y,34.57
2019-05-29,USD,Swaption,ICAP,1M,5Y,34.59
2019-05-29,USD,Swaption,ICAP,1M,6Y,33.78
2019-05-29,USD,Swaption,ICAP,1M,7Y,32.91
2019-05-29,USD,Swaption,ICAP,1M,8Y,31.57
2019-05-29,USD,Swaption,ICAP,1M,9Y,30.24
2019-05-29,USD,Swaption,ICAP,1M,10Y,28.96
2019-05-29,USD,Swaption,ICAP,1M,15Y,26.43
2019-05-29,USD,Swaption,ICAP,3M,1Y,25.28
2019-05-29,USD,Swaption,ICAP,3M,2Y,34.23
2019-05-29,USD,Swaption,ICAP,3M,3Y,34.64
2019-05-29,USD,Swaption,ICAP,3M,4Y,34.66
2019-05-29,USD,Swaption,ICAP,3M,5Y,34.24
2019-05-29,USD,Swaption,ICAP,3M,6Y,33.17
2019-05-29,USD,Swaption,ICAP,3M,7Y,32.05
2019-05-29,USD,Swaption,ICAP,3M,8Y,30.95
2019-05-29,USD,Swaption,ICAP,3M,9Y,29.89
2019-05-29,USD,Swaption,ICAP,3M,10Y,28.87
2019-05-29,USD,Swaption,ICAP,3M,15Y,26.03
2019-05-29,USD,Swaption,ICAP,6M,1Y,30.88
2019-05-29,USD,Swaption,ICAP,6M,2Y,36.15
2019-05-29,USD,Swaption,ICAP,6M,3Y,36.28
2019-05-29,USD,Swaption,ICAP,6M,4Y,35.35
2019-05-29,USD,Swaption,ICAP,6M,5Y,34.25
2019-05-29,USD,Swaption,ICAP,6M,6Y,33.13
2019-05-29,USD,Swaption,ICAP,6M,7Y,32.02
2019-05-29,USD,Swaption,ICAP,6M,8Y,30.94
2019-05-29,USD,Swaption,ICAP,6M,9Y,29.91
2019-05-29,USD,Swaption,ICAP,6M,10Y,28.94
2019-05-29,USD,Swaption,ICAP,6M,15Y,26.01
2019-05-29,USD,Swaption,ICAP,1Y,1Y,37.78
2019-05-29,USD,Swaption,ICAP,1Y,2Y,38.9
2019-05-29,USD,Swaption,ICAP,1Y,3Y,37.34
2019-05-29,USD,Swaption,ICAP,1Y,4Y,35.64
2019-05-29,USD,Swaption,ICAP,1Y,5Y,34.14
2019-05-29,USD,Swaption,ICAP,1Y,6Y,32.92
2019-05-29,USD,Swaption,ICAP,1Y,7Y,31.75
2019-05-29,USD,Swaption,ICAP,1Y,8Y,30.65
2019-05-29,USD,Swaption,ICAP,1Y,9Y,29.64
2019-05-29,USD,Swaption,ICAP,1Y,10Y,28.69
2019-05-29,USD,Swaption,ICAP,1Y,15Y,25.81
2019-05-29,USD,Swaption,ICAP,2Y,1Y,39.63
2019-05-29,USD,Swaption,ICAP,2Y,2Y,37.86
2019-05-29,USD,Swaption,ICAP,2Y,3Y,36.0
2019-05-29,USD,Swaption,ICAP,2Y,4Y,34.57
2019-05-29,USD,Swaption,ICAP,2Y,5Y,32.8
2019-05-29,USD,Swaption,ICAP,2Y,6Y,31.66
2019-05-29,USD,Swaption,ICAP,2Y,7Y,30.6
2019-05-29,USD,Swaption,ICAP,2Y,8Y,29.63
2019-05-29,USD,Swaption,ICAP,2Y,9Y,28.72
2019-05-29,USD,Swaption,ICAP,2Y,10Y,27.92
2019-05-29,USD,Swaption,ICAP,2Y,15Y,25.25
2019-05-29,USD,Swaption,ICAP,3Y,1Y,37.92
2019-05-29,USD,Swaption,ICAP,3Y,2Y,35.9
2019-05-29,USD,Swaption,ICAP,3Y,3Y,34.21
2019-05-29,USD,Swaption,ICAP,3Y,4Y,32.73
2019-05-29,USD,Swaption,ICAP,3Y,5Y,31.34
2019-05-29,USD,Swaption,ICAP,3Y,6Y,30.33
2019-05-29,USD,Swaption,ICAP,3Y,7Y,29.43
2019-05-29,USD,Swaption,ICAP,3Y,8Y,28.55
2019-05-29,USD,Swaption,ICAP,3Y,9Y,27.79
2019-05-29,USD,Swaption,ICAP,3Y,10Y,27.1
2019-05-29,USD,Swaption,ICAP,3Y,15Y,24.74
2019-05-29,USD,Swaption,ICAP,4Y,1Y,35.34
2019-05-29,USD,Swaption,ICAP,4Y,2Y,34.02
2019-05-29,USD,Swaption,ICAP,4Y,3Y,32.72
2019-05-29,USD,Swaption,ICAP,4Y,4Y,31.58
2019-05-29,USD,Swaption,ICAP,4Y,5Y,30.15
2019-05-29,USD,Swaption,ICAP,4Y,6Y,29.28
2019-05-29,USD,Swaption,ICAP,4Y,7Y,28.47
2019-05-29,USD,Swaption,ICAP,4Y,8Y,27.74
2019-05-29,USD,Swaption,ICAP,4Y,9Y,27.08
2019-05-29,USD,Swaption,ICAP,4Y,10Y,26.5
2019-05-29,USD,Swaption,ICAP,4Y,15Y,24.39
2019-05-29,USD,Swaption,ICAP,5Y,1Y,33.61
2019-05-29,USD,Swaption,ICAP,5Y,2Y,32.6
2019-05-29,USD,Swaption,ICAP,5Y,3Y,31.43
2019-05-29,USD,Swaption,ICAP,5Y,4Y,30.28
2019-05-29,USD,Swaption,ICAP,5Y,5Y,29.25
2019-05-29,USD,Swaption,ICAP,5Y,6Y,28.46
2019-05-29,USD,Swaption,ICAP,5Y,7Y,27.79
2019-05-29,USD,Swaption,ICAP,5Y,8Y,27.16
2019-05-29,USD,Swaption,ICAP,5Y,9Y,26.6
2019-05-29,USD,Swaption,ICAP,5Y,10Y,26.1
2019-05-29,USD,Swaption,ICAP,5Y,15Y,24.17
2019-05-29,USD,Swaption,ICAP,6Y,1Y,31.82
2019-05-29,USD,Swaption,ICAP,6Y,2Y,30.81
2019-05-29,USD,Swaption,ICAP,6Y,3Y,29.87
2019-05-29,USD,Swaption,ICAP,6Y,4Y,29.01
2019-05-29,USD,Swaption,ICAP,6Y,5Y,28.18
2019-05-29,USD,Swaption,ICAP,6Y,6Y,27.55
2019-05-29,USD,Swaption,ICAP,6Y,7Y,26.98
2019-05-29,USD,Swaption,ICAP,6Y,8Y,26.46
2019-05-29,USD,Swaption,ICAP,6Y,9Y,26.0
2019-05-29,USD,Swaption,ICAP,6Y,10Y,25.58
2019-05-29,USD,Swaption,ICAP,6Y,15Y,23.85
2019-05-29,USD,Swaption,ICAP,7Y,1Y,30.16
2019-05-29,USD,Swaption,ICAP,7Y,2Y,29.2
2019-05-29,USD,Swaption,ICAP,7Y,3Y,28.51
2019-05-29,USD,Swaption,ICAP,7Y,4Y,27.85
2019-05-29,USD,Swaption,ICAP,7Y,5Y,27.33
2019-05-29,USD,Swaption,ICAP,7Y,6Y,26.8
2019-05-29,USD,Swaption,ICAP,7Y,7Y,26.36
2019-05-29,USD,Swaption,ICAP,7Y,8Y,25.93
2019-05-29,USD,Swaption,ICAP,7Y,9Y,25.54
2019-05-29,USD,Swaption,ICAP,7Y,10Y,25.17
2019-05-29,USD,Swaption,ICAP,7Y,15Y,23.61
2019-05-29,USD,Swaption,ICAP,8Y,1Y,28.74
2019-05-29,USD,Swaption,ICAP,8Y,2Y,28.02
2019-05-29,USD,Swaption,ICAP,8Y,3Y,27.33
2019-05-29,USD,Swaption,ICAP,8Y,4Y,26.93
2019-05-29,USD,Swaption,ICAP,8Y,5Y,26.57
2019-05-29,USD,Swaption,ICAP,8Y,6Y,26.18
2019-05-29,USD,Swaption,ICAP,8Y,7Y,25.81
2019-05-29,USD,Swaption,ICAP,8Y,8Y,25.45
2019-05-29,USD,Swaption,ICAP,8Y,9Y,25.11
2019-05-29,USD,Swaption,ICAP,8Y,10Y,24.79
2019-05-29,USD,Swaption,ICAP,8Y,15Y,23.34
2019-05-29,USD,Swaption,ICAP,9Y,1Y,27.69
2019-05-29,USD,Swaption,ICAP,9Y,2Y,26.97
2019-05-29,USD,Swaption,ICAP,9Y,3Y,26.55
2019-05-29,USD,Swaption,ICAP,9Y,4Y,26.25
2019-05-29,USD,Swaption,ICAP,9Y,5Y,26.03
2019-05-29,USD,Swaption,ICAP,9Y,6Y,25.7
2019-05-29,USD,Swaption,ICAP,9Y,7Y,25.4
2019-05-29,USD,Swaption,ICAP,9Y,8Y,25.09
2019-05-29,USD,Swaption,ICAP,9Y,9Y,24.8
2019-05-29,USD,Swaption,ICAP,9Y,10Y,24.51
2019-05-29,USD,Swaption,ICAP,9Y,15Y,23.17
2019-05-29,USD,Swaption,ICAP,10Y,1Y,26.54
2019-05-29,USD,Swaption,ICAP,10Y,2Y,26.24
2019-05-29,USD,Swaption,ICAP,10Y,3Y,25.92
2019-05-29,USD,Swaption,ICAP,10Y,4Y,25.75
2019-05-29,USD,Swaption,ICAP,10Y,5Y,25.62
2019-05-29,USD,Swaption,ICAP,10Y,6Y,25.34
2019-05-29,USD,Swaption,ICAP,10Y,7Y,25.09
2019-05-29,USD,Swaption,ICAP,10Y,8Y,24.83
2019-05-29,USD,Swaption,ICAP,10Y,9Y,24.57
2019-05-29,USD,Swaption,ICAP,10Y,10Y,24.31
2019-05-29,USD,Swaption,ICAP,10Y,15Y,23.03
2019-05-30,USD,Depo,,TN,,2.25
2019-05-30,USD,Depo,,SN,,2.4
2019-05-30,USD,Depo,,1M,,2.39
2019-05-30,USD,Depo,,3M,,2.35
2019-05-30,USD,Fut,,M9,,97.485
2019-05-30,USD,Fut,,U9,,97.625
2019-05-30,USD,Fut,,Z9,,97.73
2019-05-30,USD,Fut,,H0,,97.91
2019-05-30,USD,Fut,,M0,,98.025
2019-05-30,USD,Fut,,U0,,98.105
2019-05-30,USD,Fut,,Z0,,98.12
2019-05-30,USD,Fut,,H1,,98.155
2019-05-30,USD,Swap,ICAP,3Y,,2.039
2019-05-30,USD,Swap,ICAP,4Y,,2.023
2019-05-30,USD,Swap,ICAP,5Y,,2.03
2019-05-30,USD,Swap,ICAP,6Y,,2.053
2019-05-30,USD,Swap,ICAP,7Y,,2.08
2019-05-30,USD,Swap,ICAP,8Y,,2.111
2019-05-30,USD,Swap,ICAP,9Y,,2.143
2019-05-30,USD,Swap,ICAP,10Y,,2.176
2019-05-30,USD,Swap,ICAP,15Y,,2.295
2019-05-30,USD,Swap,ICAP,20Y,,2.349
2019-05-30,USD,Swap,ICAP,25Y,,2.367
2019-05-30,USD,Swap,ICAP,30Y,,2.373
2019-05-30,USD,Swaption,ICAP,1M,1Y,22.79
2019-05-30,USD,Swaption,ICAP,1M,2Y,33.54
2019-05-30,USD,Swaption,ICAP,1M,3Y,35.1
2019-05-30,USD,Swaption,ICAP,1M,4Y,35.39
2019-05-30,USD,Swaption,ICAP,1M,5Y,35.04
2019-05-30,USD,Swaption,ICAP,1M,6Y,34.2
2019-05-30,USD,Swaption,ICAP,1M,7Y,33.43
2019-05-30,USD,Swaption,ICAP,1M,8Y,32.13
2019-05-30,USD,Swaption,ICAP,1M,9Y,30.86
2019-05-30,USD,Swaption,ICAP,1M,10Y,29.6
2019-05-30,USD,Swaption,ICAP,1M,15Y,27.05
2019-05-30,USD,Swaption,ICAP,3M,1Y,25.44
2019-05-30,USD,Swaption,ICAP,3M,2Y,34.52
2019-05-30,USD,Swaption,ICAP,3M,3Y,34.97
2019-05-30,USD,Swaption,ICAP,3M,4Y,34.63
2019-05-30,USD,Swaption,ICAP,3M,5Y,33.92
2019-05-30,USD,Swaption,ICAP,3M,6Y,32.83
2019-05-30,USD,Swaption,ICAP,3M,7Y,31.82
2019-05-30,USD,Swaption,ICAP,3M,8Y,30.87
2019-05-30,USD,Swaption,ICAP,3M,9Y,29.96
2019-05-30,USD,Swaption,ICAP,3M,10Y,29.06
2019-05-30,USD,Swaption,ICAP,3M,15Y,26.28
2019-05-30,USD,Swaption,ICAP,6M,1Y,30.98
2019-05-30,USD,Swaption,ICAP,6M,2Y,36.18
2019-05-30,USD,Swaption,ICAP,6M,3Y,36.28
2019-05-30,USD,Swaption,ICAP,6M,4Y,34.74
2019-05-30,USD,Swaption,ICAP,6M,5Y,33.57
2019-05-30,USD,Swaption,ICAP,6M,6Y,32.5
2019-05-30,USD,Swaption,ICAP,6M,7Y,31.53
2019-05-30,USD,Swaption,ICAP,6M,8Y,30.63
2019-05-30,USD,Swaption,ICAP,6M,9Y,29.77
2019-05-30,USD,Swaption,ICAP,6M,10Y,28.91
2019-05-30,USD,Swaption,ICAP,6M,15Y,26.09
2019-05-30,USD,Swaption,ICAP,1Y,1Y,37.5
2019-05-30,USD,Swaption,ICAP,1Y,2Y,38.81
2019-05-30,USD,Swaption,ICAP,1Y,3Y,37.24
2019-05-30,USD,Swaption,ICAP,1Y,4Y,35.04
2019-05-30,USD,Swaption,ICAP,1Y,5Y,33.34
2019-05-30,USD,Swaption,ICAP,1Y,6Y,32.23
2019-05-30,USD,Swaption,ICAP,1Y,7Y,31.24
2019-05-30,USD,Swaption,ICAP,1Y,8Y,30.32
2019-05-30,USD,Swaption,ICAP,1Y,9Y,29.45
2019-05-30,USD,Swaption,ICAP,1Y,10Y,28.58
2019-05-30,USD,Swaption,ICAP,1Y,15Y,25.8
2019-05-30,USD,Swaption,ICAP,2Y,1Y,39.44
2019-05-30,USD,Swaption,ICAP,2Y,2Y,37.63
2019-05-30,USD,Swaption,ICAP,2Y,3Y,35.38
2019-05-30,USD,Swaption,ICAP,2Y,4Y,33.84
2019-05-30,USD,Swaption,ICAP,2Y,5Y,32.15
2019-05-30,USD,Swaption,ICAP,2Y,6Y,31.18
2019-05-30,USD,Swaption,ICAP,2Y,7Y,30.28
2019-05-30,USD,Swaption,ICAP,2Y,8Y,29.43
2019-05-30,USD,Swaption,ICAP,2Y,9Y,28.56
2019-05-30,USD,Swaption,ICAP,2Y,10Y,27.81
2019-05-30,USD,Swaption,ICAP,2Y,15Y,25.24
2019-05-30,USD,Swaption,ICAP,3Y,1Y,36.88
2019-05-30,USD,Swaption,ICAP,3Y,2Y,34.88
2019-05-30,USD,Swaption,ICAP,3Y,3Y,33.21
2019-05-30,USD,Swaption,ICAP,3Y,4Y,31.95
2019-05-30,USD,Swaption,ICAP,3Y,5Y,30.81
2019-05-30,USD,Swaption,ICAP,3Y,6Y,29.99
2019-05-30,USD,Swaption,ICAP,3Y,7Y,29.21
2019-05-30,USD,Swaption,ICAP,3Y,8Y,28.38
2019-05-30,USD,Swaption,ICAP,3Y,9Y,27.65
2019-05-30,USD,Swaption,ICAP,3Y,10Y,26.99
2019-05-30,USD,Swaption,ICAP,3Y,15Y,24.75
2019-05-30,USD,Swaption,ICAP,4Y,1Y,33.84
2019-05-30,USD,Swaption,ICAP,4Y,2Y,32.86
2019-05-30,USD,Swaption,ICAP,4Y,3Y,31.88
2019-05-30,USD,Swaption,ICAP,4Y,4Y,31.03
2019-05-30,USD,Swaption,ICAP,4Y,5Y,29.83
2019-05-30,USD,Swaption,ICAP,4Y,6Y,29.11
2019-05-30,USD,Swaption,ICAP,4Y,7Y,28.33
2019-05-30,USD,Swaption,ICAP,4Y,8Y,27.63
2019-05-30,USD,Swaption,ICAP,4Y,9Y,27.0
2019-05-30,USD,Swaption,ICAP,4Y,10Y,26.45
2019-05-30,USD,Swaption,ICAP,4Y,15Y,24.45
2019-05-30,USD,Swaption,ICAP,5Y,1Y,32.84
2019-05-30,USD,Swaption,ICAP,5Y,2Y,32.06
2019-05-30,USD,Swaption,ICAP,5Y,3Y,31.14
2019-05-30,USD,Swaption,ICAP,5Y,4Y,30.16
2019-05-30,USD,Swaption,ICAP,5Y,5Y,29.24
2019-05-30,USD,Swaption,ICAP,5Y,6Y,28.45
2019-05-30,USD,Swaption,ICAP,5Y,7Y,27.8
2019-05-30,USD,Swaption,ICAP,5Y,8Y,27.18
2019-05-30,USD,Swaption,ICAP,5Y,9Y,26.63
2019-05-30,USD,Swaption,ICAP,5Y,10Y,26.14
2019-05-30,USD,Swaption,ICAP,5Y,15Y,24.29
2019-05-30,USD,Swaption,ICAP,6Y,1Y,31.61
2019-05-30,USD,Swaption,ICAP,6Y,2Y,30.79
2019-05-30,USD,Swaption,ICAP,6Y,3Y,30.03
2019-05-30,USD,Swaption,ICAP,6Y,4Y,29.23
2019-05-30,USD,Swaption,ICAP,6Y,5Y,28.36
2019-05-30,USD,Swaption,ICAP,6Y,6Y,27.71
2019-05-30,USD,Swaption,ICAP,6Y,7Y,27.13
2019-05-30,USD,Swaption,ICAP,6Y,8Y,26.61
2019-05-30,USD,Swaption,ICAP,6Y,9Y,26.13
2019-05-30,USD,Swaption,ICAP,6Y,10Y,25.69
2019-05-30,USD,Swaption,ICAP,6Y,15Y,24.01
2019-05-30,USD,Swaption,ICAP,7Y,1Y,30.42
2019-05-30,USD,Swaption,ICAP,7Y,2Y,29.56
2019-05-30,USD,Swaption,ICAP,7Y,3Y,28.9
2019-05-30,USD,Swaption,ICAP,7Y,4Y,28.16
2019-05-30,USD,Swaption,ICAP,7Y,5Y,27.6
2019-05-30,USD,Swaption,ICAP,7Y,6Y,27.05
2019-05-30,USD,Swaption,ICAP,7Y,7Y,26.59
2019-05-30,USD,Swaption,ICAP,7Y,8Y,26.13
2019-05-30,USD,Swaption,ICAP,7Y,9Y,25.71
2019-05-30,USD,Swaption,ICAP,7Y,10Y,25.32
2019-05-30,USD,Swaption,ICAP,7Y,15Y,23.78
2019-05-30,USD,Swaption,ICAP,8Y,1Y,29.26
2019-05-30,USD,Swaption,ICAP,8Y,2Y,28.5
2019-05-30,USD,Swaption,ICAP,8Y,3Y,27.68
2019-05-30,USD,Swaption,ICAP,8Y,4Y,27.22
2019-05-30,USD,Swaption,ICAP,8Y,5Y,26.84
2019-05-30,USD,Swaption,ICAP,8Y,6Y,26.43
2019-05-30,USD,Swaption,ICAP,8Y,7Y,26.04
2019-05-30,USD,Swaption,ICAP,8Y,8Y,25.65
2019-05-30,USD,Swaption,ICAP,8Y,9Y,25.27
2019-05-30,USD,Swaption,ICAP,8Y,10Y,24.92
2019-05-30,USD,Swaption,ICAP,8Y,15Y,23.52
2019-05-30,USD,Swaption,ICAP,9Y,1Y,28.18
2019-05-30,USD,Swaption,ICAP,9Y,2Y,27.24
2019-05-30,USD,Swaption,ICAP,9Y,3Y,26.78
2019-05-30,USD,Swaption,ICAP,9Y,4Y,26.48
2019-05-30,USD,Swaption,ICAP,9Y,5Y,26.27
2019-05-30,USD,Swaption,ICAP,9Y,6Y,25.91
2019-05-30,USD,Swaption,ICAP,9Y,7Y,25.58
2019-05-30,USD,Swaption,ICAP,9Y,8Y,25.24
2019-05-30,USD,Swaption,ICAP,9Y,9Y,24.92
2019-05-30,USD,Swaption,ICAP,9Y,10Y,24.6
2019-05-30,USD,Swaption,ICAP,9Y,15Y,23.33
2019-05-30,USD,Swaption,ICAP,10Y,1Y,26.63
2019-05-30,USD,Swaption,ICAP,10Y,2Y,26.34
2019-05-30,USD,Swaption,ICAP,10Y,3Y,26.07
2019-05-30,USD,Swaption,ICAP,10Y,4Y,25.93
2019-05-30,USD,Swaption,ICAP,10Y,5Y,25.81
2019-05-30,USD,Swaption,ICAP,10Y,6Y,25.52
2019-05-30,USD,Swaption,ICAP,10Y,7Y,25.23
2019-05-30,USD,Swaption,ICAP,10Y,8Y,24.93
2019-05-30,USD,Swaption,ICAP,10Y,9Y,24.65
2019-05-30,USD,Swaption,ICAP,10Y,10Y,24.37
2019-05-30,USD,Swaption,ICAP,10Y,15Y,23.17
2019-05-31,USD,Depo,,TN,,2.3
2019-05-31,USD,Depo,,SN,,2.3
2019-05-31,USD,Depo,,1M,,2.39
2019-05-31,USD,Depo,,3M,,2.41
2019-05-31,USD,Fut,,M9,,97.5025
2019-05-31,USD,Fut,,U9,,97.69
2019-05-31,USD,Fut,,Z9,,97.83
2019-05-31,USD,Fut,,H0,,98.035
2019-05-31,USD,Fut,,M0,,98.155
2019-05-31,USD,Fut,,U0,,98.23
2019-05-31,USD,Fut,,Z0,,98.24
2019-05-31,USD,Fut,,H1,,98.27
2019-05-31,USD,Swap,ICAP,3Y,,1.933
2019-05-31,USD,Swap,ICAP,4Y,,1.915
2019-05-31,USD,Swap,ICAP,5Y,,1.924
2019-05-31,USD,Swap,ICAP,6Y,,1.948
2019-05-31,USD,Swap,ICAP,7Y,,1.977
2019-05-31,USD,Swap,ICAP,8Y,,2.01
2019-05-31,USD,Swap,ICAP,9Y,,2.043
2019-05-31,USD,Swap,ICAP,10Y,,2.076
2019-05-31,USD,Swap,ICAP,15Y,,2.2
2019-05-31,USD,Swap,ICAP,20Y,,2.257
2019-05-31,USD,Swap,ICAP,25Y,,2.276
2019-05-31,USD,Swap,ICAP,30Y,,2.285
2019-05-31,USD,Swaption,ICAP,1M,1Y,22.49
2019-05-31,USD,Swaption,ICAP,1M,2Y,33.14
2019-05-31,USD,Swaption,ICAP,1M,3Y,34.72
2019-05-31,USD,Swaption,ICAP,1M,4Y,35.25
2019-05-31,USD,Swaption,ICAP,1M,5Y,35.33
2019-05-31,USD,Swaption,ICAP,1M,6Y,34.61
2019-05-31,USD,Swaption,ICAP,1M,7Y,33.87
2019-05-31,USD,Swaption,ICAP,1M,8Y,32.5
2019-05-31,USD,Swaption,ICAP,1M,9Y,31.13
2019-05-31,USD,Swaption,ICAP,1M,10Y,29.8
2019-05-31,USD,Swaption,ICAP,1M,15Y,27.21
2019-05-31,USD,Swaption,ICAP,3M,1Y,24.64
2019-05-31,USD,Swaption,ICAP,3M,2Y,34.08
2019-05-31,USD,Swaption,ICAP,3M,3Y,34.6
2019-05-31,USD,Swaption,ICAP,3M,4Y,34.61
2019-05-31,USD,Swaption,ICAP,3M,5Y,34.24
2019-05-31,USD,Swaption,ICAP,3M,6Y,33.21
2019-05-31,USD,Swaption,ICAP,3M,7Y,32.21
2019-05-31,USD,Swaption,ICAP,3M,8Y,31.19
2019-05-31,USD,Swaption,ICAP,3M,9Y,30.2
2019-05-31,USD,Swaption,ICAP,3M,10Y,29.27
2019-05-31,USD,Swaption,ICAP,3M,15Y,26.44
2019-05-31,USD,Swaption,ICAP,6M,1Y,31.03
2019-05-31,USD,Swaption,ICAP,6M,2Y,36.2
2019-05-31,USD,Swaption,ICAP,6M,3Y,36.31
2019-05-31,USD,Swaption,ICAP,6M,4Y,35.09
2019-05-31,USD,Swaption,ICAP,6M,5Y,34.11
2019-05-31,USD,Swaption,ICAP,6M,6Y,33.05
2019-05-31,USD,Swaption,ICAP,6M,7Y,32.03
2019-05-31,USD,Swaption,ICAP,6M,8Y,31.02
2019-05-31,USD,Swaption,ICAP,6M,9Y,30.05
2019-05-31,USD,Swaption,ICAP,6M,10Y,29.15
2019-05-31,USD,Swaption,ICAP,6M,15Y,26.27
2019-05-31,USD,Swaption,ICAP,1Y,1Y,38.12
2019-05-31,USD,Swaption,ICAP,1Y,2Y,39.14
2019-05-31,USD,Swaption,ICAP,1Y,3Y,37.38
2019-05-31,USD,Swaption,ICAP,1Y,4Y,35.56
2019-05-31,USD,Swaption,ICAP,1Y,5Y,33.86
2019-05-31,USD,Swaption,ICAP,1Y,6Y,32.75
2019-05-31,USD,Swaption,ICAP,1Y,7Y,31.69
2019-05-31,USD,Swaption,ICAP,1Y,8Y,30.68
2019-05-31,USD,Swaption,ICAP,1Y,9Y,29.75
2019-05-31,USD,Swaption,ICAP,1Y,10Y,28.89
2019-05-31,USD,Swaption,ICAP,1Y,15Y,26.03
2019-05-31,USD,Swaption,ICAP,2Y,1Y,39.49
2019-05-31,USD,Swaption,ICAP,2Y,2Y,38.14
2019-05-31,USD,Swaption,ICAP,2Y,3Y,36.45
2019-05-31,USD,Swaption,ICAP,2Y,4Y,34.91
2019-05-31,USD,Swaption,ICAP,2Y,5Y,33.08
2019-05-31,USD,Swaption,ICAP,2Y,6Y,31.98
2019-05-31,USD,Swaption,ICAP,2Y,7Y,30.95
2019-05-31,USD,Swaption,ICAP,2Y,8Y,29.99
2019-05-31,USD,Swaption,ICAP,2Y,9Y,29.12
2019-05-31,USD,Swaption,ICAP,2Y,10Y,28.36
2019-05-31,USD,Swaption,ICAP,2Y,15Y,25.68
2019-05-31,USD,Swaption,ICAP,3Y,1Y,37.74
2019-05-31,USD,Swaption,ICAP,3Y,2Y,36.38
2019-05-31,USD,Swaption,ICAP,3Y,3Y,34.78
2019-05-31,USD,Swaption,ICAP,3Y,4Y,33.22
2019-05-31,USD,Swaption,ICAP,3Y,5Y,31.75
2019-05-31,USD,Swaption,ICAP,3Y,6Y,30.74
2019-05-31,USD,Swaption,ICAP,3Y,7Y,29.83
2019-05-31,USD,Swaption,ICAP,3Y,8Y,28.97
2019-05-31,USD,Swaption,ICAP,3Y,9Y,28.23
2019-05-31,USD,Swaption,ICAP,3Y,10Y,27.55
2019-05-31,USD,Swaption,ICAP,3Y,15Y,25.17
2019-05-31,USD,Swaption,ICAP,4Y,1Y,35.99
2019-05-31,USD,Swaption,ICAP,4Y,2Y,34.54
2019-05-31,USD,Swaption,ICAP,4Y,3Y,33.21
2019-05-31,USD,Swaption,ICAP,4Y,4Y,32.06
2019-05-31,USD,Swaption,ICAP,4Y,5Y,30.57
2019-05-31,USD,Swaption,ICAP,4Y,6Y,29.7
2019-05-31,USD,Swaption,ICAP,4Y,7Y,28.89
2019-05-31,USD,Swaption,ICAP,4Y,8Y,28.18
2019-05-31,USD,Swaption,ICAP,4Y,9Y,27.53
2019-05-31,USD,Swaption,ICAP,4Y,10Y,26.97
2019-05-31,USD,Swaption,ICAP,4Y,15Y,24.83
2019-05-31,USD,Swaption,ICAP,5Y,1Y,33.97
2019-05-31,USD,Swaption,ICAP,5Y,2Y,33.02
2019-05-31,USD,Swaption,ICAP,5Y,3Y,31.85
2019-05-31,USD,Swaption,ICAP,5Y,4Y,30.66
2019-05-31,USD,Swaption,ICAP,5Y,5Y,29.6
2019-05-31,USD,Swaption,ICAP,5Y,6Y,28.82
2019-05-31,USD,Swaption,ICAP,5Y,7Y,28.17
2019-05-31,USD,Swaption,ICAP,5Y,8Y,27.55
2019-05-31,USD,Swaption,ICAP,5Y,9Y,27.02
2019-05-31,USD,Swaption,ICAP,5Y,10Y,26.52
2019-05-31,USD,Swaption,ICAP,5Y,15Y,24.56
2019-05-31,USD,Swaption,ICAP,6Y,1Y,32.43
2019-05-31,USD,Swaption,ICAP,6Y,2Y,31.37
2019-05-31,USD,Swaption,ICAP,6Y,3Y,30.37
2019-05-31,USD,Swaption,ICAP,6Y,4Y,29.46
2019-05-31,USD,Swaption,ICAP,6Y,5Y,28.61
2019-05-31,USD,Swaption,ICAP,6Y,6Y,27.99
2019-05-31,USD,Swaption,ICAP,6Y,7Y,27.43
2019-05-31,USD,Swaption,ICAP,6Y,8Y,26.92
2019-05-31,USD,Swaption,ICAP,6Y,9Y,26.45
2019-05-31,USD,Swaption,ICAP,6Y,10Y,26.02
2019-05-31,USD,Swaption,ICAP,6Y,15Y,24.25
2019-05-31,USD,Swaption,ICAP,7Y,1Y,30.8
2019-05-31,USD,Swaption,ICAP,7Y,2Y,29.73
2019-05-31,USD,Swaption,ICAP,7Y,3Y,29.0
2019-05-31,USD,Swaption,ICAP,7Y,4Y,28.34
2019-05-31,USD,Swaption,ICAP,7Y,5Y,27.83
2019-05-31,USD,Swaption,ICAP,7Y,6Y,27.3
2019-05-31,USD,Swaption,ICAP,7Y,7Y,26.85
2019-05-31,USD,Swaption,ICAP,7Y,8Y,26.41
2019-05-31,USD,Swaption,ICAP,7Y,9Y,26.01
2019-05-31,USD,Swaption,ICAP,7Y,10Y,25.62
2019-05-31,USD,Swaption,ICAP,7Y,15Y,24.01
2019-05-31,USD,Swaption,ICAP,8Y,1Y,29.22
2019-05-31,USD,Swaption,ICAP,8Y,2Y,28.47
2019-05-31,USD,Swaption,ICAP,8Y,3Y,27.82
2019-05-31,USD,Swaption,ICAP,8Y,4Y,27.44
2019-05-31,USD,Swaption,ICAP,8Y,5Y,27.1
2019-05-31,USD,Swaption,ICAP,8Y,6Y,26.7
2019-05-31,USD,Swaption,ICAP,8Y,7Y,26.32
2019-05-31,USD,Swaption,ICAP,8Y,8Y,25.95
2019-05-31,USD,Swaption,ICAP,8Y,9Y,25.59
2019-05-31,USD,Swaption,ICAP,8Y,10Y,25.24
2019-05-31,USD,Swaption,ICAP,8Y,15Y,23.75
2019-05-31,USD,Swaption,ICAP,9Y,1Y,28.09
2019-05-31,USD,Swaption,ICAP,9Y,2Y,27.45
2019-05-31,USD,Swaption,ICAP,9Y,3Y,27.08
2019-05-31,USD,Swaption,ICAP,9Y,4Y,26.81
2019-05-31,USD,Swaption,ICAP,9Y,5Y,26.62
2019-05-31,USD,Swaption,ICAP,9Y,6Y,26.26
2019-05-31,USD,Swaption,ICAP,9Y,7Y,25.94
2019-05-31,USD,Swaption,ICAP,9Y,8Y,25.61
2019-05-31,USD,Swaption,ICAP,9Y,9Y,25.29
2019-05-31,USD,Swaption,ICAP,9Y,10Y,24.98
2019-05-31,USD,Swaption,ICAP,9Y,15Y,23.58
2019-05-31,USD,Swaption,ICAP,10Y,1Y,27.01
2019-05-31,USD,Swaption,ICAP,10Y,2Y,26.74
2019-05-31,USD,Swaption,ICAP,10Y,3Y,26.49
2019-05-31,USD,Swaption,ICAP,10Y,4Y,26.38
2019-05-31,USD,Swaption,ICAP,10Y,5Y,26.26
2019-05-31,USD,Swaption,ICAP,10Y,6Y,25.96
2019-05-31,USD,Swaption,ICAP,10Y,7Y,25.66
2019-05-31,USD,Swaption,ICAP,10Y,8Y,25.36
2019-05-31,USD,Swaption,ICAP,10Y,9Y,25.07
2019-05-31,USD,Swaption,ICAP,10Y,10Y,24.8
2019-05-31,USD,Swaption,ICAP,10Y,15Y,23.44
2019-06-03,USD,Depo,,TN,,2.3
2019-06-03,USD,Depo,,SN,,2.3
2019-06-03,USD,Depo,,1M,,2.39
2019-06-03,USD,Depo,,3M,,2.41
2019-06-03,USD,Fut,,M9,,97.54
2019-06-03,USD,Fut,,U9,,97.785
2019-06-03,USD,Fut,,Z9,,97.945
2019-06-03,USD,Fut,,H0,,98.155
2019-06-03,USD,Fut,,M0,,98.27
2019-06-03,USD,Fut,,U0,,98.34
2019-06-03,USD,Fut,,Z0,,98.34
2019-06-03,USD,Fut,,H1,,98.36
2019-06-03,USD,Swap,ICAP,3Y,,1.912
2019-06-03,USD,Swap,ICAP,4Y,,1.901
2019-06-03,USD,Swap,ICAP,5Y,,1.916
2019-06-03,USD,Swap,ICAP,6Y,,1.942
2019-06-03,USD,Swap,ICAP,7Y,,1.973
2019-06-03,USD,Swap,ICAP,8Y,,2.008
2019-06-03,USD,Swap,ICAP,9Y,,2.043
2019-06-03,USD,Swap,ICAP,10Y,,2.077
2019-06-03,USD,Swap,ICAP,15Y,,2.198
2019-06-03,USD,Swap,ICAP,20Y,,2.252
2019-06-03,USD,Swap,ICAP,25Y,,2.27
2019-06-03,USD,Swap,ICAP,30Y,,2.278
2019-06-03,USD,Swaption,ICAP,1M,1Y,32.63
2019-06-03,USD,Swaption,ICAP,1M,2Y,43.32
2019-06-03,USD,Swaption,ICAP,1M,3Y,45.0
2019-06-03,USD,Swaption,ICAP,1M,4Y,45.07
2019-06-03,USD,Swaption,ICAP,1M,5Y,44.56
2019-06-03,USD,Swaption,ICAP,1M,6Y,43.53
2019-06-03,USD,Swaption,ICAP,1M,7Y,42.53
2019-06-03,USD,Swaption,ICAP,1M,8Y,40.15
2019-06-03,USD,Swaption,ICAP,1M,9Y,37.77
2019-06-03,USD,Swaption,ICAP,1M,10Y,35.46
2019-06-03,USD,Swaption,ICAP,1M,15Y,32.26
2019-06-03,USD,Swaption,ICAP,1M,20Y,29.9
2019-06-03,USD,Swaption,ICAP,1M,25Y,28.75
2019-06-03,USD,Swaption,ICAP,1M,30Y,27.73
2019-06-03,USD,Swaption,ICAP,3M,1Y,33.53
2019-06-03,USD,Swaption,ICAP,3M,2Y,43.27
2019-06-03,USD,Swaption,ICAP,3M,3Y,43.5
2019-06-03,USD,Swaption,ICAP,3M,4Y,42.35
2019-06-03,USD,Swaption,ICAP,3M,5Y,41.02
2019-06-03,USD,Swaption,ICAP,3M,6Y,39.47
2019-06-03,USD,Swaption,ICAP,3M,7Y,38.01
2019-06-03,USD,Swaption,ICAP,3M,8Y,36.57
2019-06-03,USD,Swaption,ICAP,3M,9Y,35.18
2019-06-03,USD,Swaption,ICAP,3M,10Y,33.89
2019-06-03,USD,Swaption,ICAP,3M,15Y,30.53
2019-06-03,USD,Swaption,ICAP,3M,20Y,28.68
2019-06-03,USD,Swaption,ICAP,3M,25Y,27.98
2019-06-03,USD,Swaption,ICAP,3M,30Y,27.08
2019-06-03,USD,Swaption,ICAP,6M,1Y,39.78
2019-06-03,USD,Swaption,ICAP,6M,2Y,43.98
2019-06-03,USD,Swaption,ICAP,6M,3Y,43.64
2019-06-03,USD,Swaption,ICAP,6M,4Y,41.23
2019-06-03,USD,Swaption,ICAP,6M,5Y,39.6
2019-06-03,USD,Swaption,ICAP,6M,6Y,38.08
2019-06-03,USD,Swaption,ICAP,6M,7Y,36.65
2019-06-03,USD,Swaption,ICAP,6M,8Y,35.27
2019-06-03,USD,Swaption,ICAP,6M,9Y,33.97
2019-06-03,USD,Swaption,ICAP,6M,10Y,32.78
2019-06-03,USD,Swaption,ICAP,6M,15Y,29.46
2019-06-03,USD,Swaption,ICAP,6M,20Y,27.64
2019-06-03,USD,Swaption,ICAP,6M,25Y,26.93
2019-06-03,USD,Swaption,ICAP,6M,30Y,26.24
2019-06-03,USD,Swaption,ICAP,1Y,1Y,46.09
2019-06-03,USD,Swaption,ICAP,1Y,2Y,45.74
2019-06-03,USD,Swaption,ICAP,1Y,3Y,43.05
2019-06-03,USD,Swaption,ICAP,1Y,4Y,40.32
2019-06-03,USD,Swaption,ICAP,1Y,5Y,38.03
2019-06-03,USD,Swaption,ICAP,1Y,6Y,36.56
2019-06-03,USD,Swaption,ICAP,1Y,7Y,35.18
2019-06-03,USD,Swaption,ICAP,1Y,8Y,33.88
2019-06-03,USD,Swaption,ICAP,1Y,9Y,32.71
2019-06-03,USD,Swaption,ICAP,1Y,10Y,31.65
2019-06-03,USD,Swaption,ICAP,1Y,15Y,28.45
2019-06-03,USD,Swaption,ICAP,1Y,20Y,26.71
2019-06-03,USD,Swaption,ICAP,1Y,25Y,25.98
2019-06-03,USD,Swaption,ICAP,1Y,30Y,25.51
2019-06-03,USD,Swaption,ICAP,2Y,1Y,45.26
2019-06-03,USD,Swaption,ICAP,2Y,2Y,42.55
2019-06-03,USD,Swaption,ICAP,2Y,3Y,40.43
2019-06-03,USD,Swaption,ICAP,2Y,4Y,38.42
2019-06-03,USD,Swaption,ICAP,2Y,5Y,36.07
2019-06-03,USD,Swaption,ICAP,2Y,6Y,34.76
2019-06-03,USD,Swaption,ICAP,2Y,7Y,33.53
2019-06-03,USD,Swaption,ICAP,2Y,8Y,32.42
2019-06-03,USD,Swaption,ICAP,2Y,9Y,31.42
2019-06-03,USD,Swaption,ICAP,2Y,10Y,30.55
2019-06-03,USD,Swaption,ICAP,2Y,15Y,27.65
2019-06-03,USD,Swaption,ICAP,2Y,20Y,26.12
2019-06-03,USD,Swaption,ICAP,2Y,25Y,25.63
2019-06-03,USD,Swaption,ICAP,2Y,30Y,25.26
2019-06-03,USD,Swaption,ICAP,3Y,1Y,41.57
2019-06-03,USD,Swaption,ICAP,3Y,2Y,39.4
2019-06-03,USD,Swaption,ICAP,3Y,3Y,37.66
2019-06-03,USD,Swaption,ICAP,3Y,4Y,35.86
2019-06-03,USD,Swaption,ICAP,3Y,5Y,34.14
2019-06-03,USD,Swaption,ICAP,3Y,6Y,32.99
2019-06-03,USD,Swaption,ICAP,3Y,7Y,31.98
2019-06-03,USD,Swaption,ICAP,3Y,8Y,31.04
2019-06-03,USD,Swaption,ICAP,3Y,9Y,30.23
2019-06-03,USD,Swaption,ICAP,3Y,10Y,29.48
2019-06-03,USD,Swaption,ICAP,3Y,15Y,26.98
2019-06-03,USD,Swaption,ICAP,3Y,20Y,25.6
2019-06-03,USD,Swaption,ICAP,3Y,25Y,25.24
2019-06-03,USD,Swaption,ICAP,3Y,30Y,25.02
2019-06-03,USD,Swaption,ICAP,4Y,1Y,38.68
2019-06-03,USD,Swaption,ICAP,4Y,2Y,36.84
2019-06-03,USD,Swaption,ICAP,4Y,3Y,35.46
2019-06-03,USD,Swaption,ICAP,4Y,4Y,34.21
2019-06-03,USD,Swaption,ICAP,4Y,5Y,32.6
2019-06-03,USD,Swaption,ICAP,4Y,6Y,31.64
2019-06-03,USD,Swaption,ICAP,4Y,7Y,30.77
2019-06-03,USD,Swaption,ICAP,4Y,8Y,30.01
2019-06-03,USD,Swaption,ICAP,4Y,9Y,29.3
2019-06-03,USD,Swaption,ICAP,4Y,10Y,28.69
2019-06-03,USD,Swaption,ICAP,4Y,15Y,26.45
2019-06-03,USD,Swaption,ICAP,4Y,20Y,25.21
2019-06-03,USD,Swaption,ICAP,4Y,25Y,24.93
2019-06-03,USD,Swaption,ICAP,4Y,30Y,24.85
2019-06-03,USD,Swaption,ICAP,5Y,1Y,36.12
2019-06-03,USD,Swaption,ICAP,5Y,2Y,35.06
2019-06-03,USD,Swaption,ICAP,5Y,3Y,33.8
2019-06-03,USD,Swaption,ICAP,5Y,4Y,32.52
2019-06-03,USD,Swaption,ICAP,5Y,5Y,31.4
2019-06-03,USD,Swaption,ICAP,5Y,6Y,30.58
2019-06-03,USD,Swaption,ICAP,5Y,7Y,29.88
2019-06-03,USD,Swaption,ICAP,5Y,8Y,29.21
2019-06-03,USD,Swaption,ICAP,5Y,9Y,28.63
2019-06-03,USD,Swaption,ICAP,5Y,10Y,28.09
2019-06-03,USD,Swaption,ICAP,5Y,15Y,26.05
2019-06-03,USD,Swaption,ICAP,5Y,20Y,24.91
2019-06-03,USD,Swaption,ICAP,5Y,25Y,24.72
2019-06-03,USD,Swaption,ICAP,5Y,30Y,24.74
2019-06-03,USD,Swaption,ICAP,6Y,1Y,34.49
2019-06-03,USD,Swaption,ICAP,6Y,2Y,33.26
2019-06-03,USD,Swaption,ICAP,6Y,3Y,32.17
2019-06-03,USD,Swaption,ICAP,6Y,4Y,31.2
2019-06-03,USD,Swaption,ICAP,6Y,5Y,30.35
2019-06-03,USD,Swaption,ICAP,6Y,6Y,29.69
2019-06-03,USD,Swaption,ICAP,6Y,7Y,29.09
2019-06-03,USD,Swaption,ICAP,6Y,8Y,28.54
2019-06-03,USD,Swaption,ICAP,6Y,9Y,28.03
2019-06-03,USD,Swaption,ICAP,6Y,10Y,27.56
2019-06-03,USD,Swaption,ICAP,6Y,15Y,25.71
2019-06-03,USD,Swaption,ICAP,6Y,20Y,24.7
2019-06-03,USD,Swaption,ICAP,6Y,25Y,24.54
2019-06-03,USD,Swaption,ICAP,6Y,30Y,24.65
2019-06-03,USD,Swaption,ICAP,7Y,1Y,32.59
2019-06-03,USD,Swaption,ICAP,7Y,2Y,31.41
2019-06-03,USD,Swaption,ICAP,7Y,3Y,30.65
2019-06-03,USD,Swaption,ICAP,7Y,4Y,30.01
2019-06-03,USD,Swaption,ICAP,7Y,5Y,29.5
2019-06-03,USD,Swaption,ICAP,7Y,6Y,28.94
2019-06-03,USD,Swaption,ICAP,7Y,7Y,28.46
2019-06-03,USD,Swaption,ICAP,7Y,8Y,27.99
2019-06-03,USD,Swaption,ICAP,7Y,9Y,27.55
2019-06-03,USD,Swaption,ICAP,7Y,10Y,27.13
2019-06-03,USD,Swaption,ICAP,7Y,15Y,25.44
2019-06-03,USD,Swaption,ICAP,7Y,20Y,24.53
2019-06-03,USD,Swaption,ICAP,7Y,25Y,24.44
2019-06-03,USD,Swaption,ICAP,7Y,30Y,24.6
2019-06-03,USD,Swaption,ICAP,8Y,1Y,30.84
2019-06-03,USD,Swaption,ICAP,8Y,2Y,30.07
2019-06-03,USD,Swaption,ICAP,8Y,3Y,29.45
2019-06-03,USD,Swaption,ICAP,8Y,4Y,29.08
2019-06-03,USD,Swaption,ICAP,8Y,5Y,28.74
2019-06-03,USD,Swaption,ICAP,8Y,6Y,28.31
2019-06-03,USD,Swaption,ICAP,8Y,7Y,27.91
2019-06-03,USD,Swaption,ICAP,8Y,8Y,27.5
2019-06-03,USD,Swaption,ICAP,8Y,9Y,27.11
2019-06-03,USD,Swaption,ICAP,8Y,10Y,26.75
2019-06-03,USD,Swaption,ICAP,8Y,15Y,25.18
2019-06-03,USD,Swaption,ICAP,8Y,20Y,24.35
2019-06-03,USD,Swaption,ICAP,8Y,25Y,24.35
2019-06-03,USD,Swaption,ICAP,8Y,30Y,24.56
2019-06-03,USD,Swaption,ICAP,9Y,1Y,29.7
2019-06-03,USD,Swaption,ICAP,9Y,2Y,29.09
2019-06-03,USD,Swaption,ICAP,9Y,3Y,28.72
2019-06-03,USD,Swaption,ICAP,9Y,4Y,28.45
2019-06-03,USD,Swaption,ICAP,9Y,5Y,28.25
2019-06-03,USD,Swaption,ICAP,9Y,6Y,27.87
2019-06-03,USD,Swaption,ICAP,9Y,7Y,27.53
2019-06-03,USD,Swaption,ICAP,9Y,8Y,27.17
2019-06-03,USD,Swaption,ICAP,9Y,9Y,26.82
2019-06-03,USD,Swaption,ICAP,9Y,10Y,26.49
2019-06-03,USD,Swaption,ICAP,9Y,15Y,25.02
2019-06-03,USD,Swaption,ICAP,9Y,20Y,24.24
2019-06-03,USD,Swaption,ICAP,9Y,25Y,24.34
2019-06-03,USD,Swaption,ICAP,9Y,30Y,24.57
2019-06-03,USD,Swaption,ICAP,10Y,1Y,28.7
2019-06-03,USD,Swaption,ICAP,10Y,2Y,28.41
2019-06-03,USD,Swaption,ICAP,10Y,3Y,28.14
2019-06-03,USD,Swaption,ICAP,10Y,4Y,28.01
2019-06-03,USD,Swaption,ICAP,10Y,5Y,27.89
2019-06-03,USD,Swaption,ICAP,10Y,6Y,27.56
2019-06-03,USD,Swaption,ICAP,10Y,7Y,27.24
2019-06-03,USD,Swaption,ICAP,10Y,8Y,26.93
2019-06-03,USD,Swaption,ICAP,10Y,9Y,26.62
2019-06-03,USD,Swaption,ICAP,10Y,10Y,26.33
2019-06-03,USD,Swaption,ICAP,10Y,15Y,24.9
2019-06-03,USD,Swaption,ICAP,10Y,20Y,24.18
2019-06-03,USD,Swaption,ICAP,10Y,25Y,24.32
2019-06-03,USD,Swaption,ICAP,10Y,30Y,24.61
2019-06-03,USD,Swaption,ICAP,15Y,1Y,27.32
2019-06-03,USD,Swaption,ICAP,15Y,2Y,26.96
2019-06-03,USD,Swaption,ICAP,15Y,3Y,26.86
2019-06-03,USD,Swaption,ICAP,15Y,4Y,26.8
2019-06-03,USD,Swaption,ICAP,15Y,5Y,26.77
2019-06-03,USD,Swaption,ICAP,15Y,6Y,26.59
2019-06-03,USD,Swaption,ICAP,15Y,7Y,26.43
2019-06-03,USD,Swaption,ICAP,15Y,8Y,26.24
2019-06-03,USD,Swaption,ICAP,15Y,9Y,26.03
2019-06-03,USD,Swaption,ICAP,15Y,10Y,25.8
2019-06-03,USD,Swaption,ICAP,15Y,15Y,24.71
2019-06-03,USD,Swaption,ICAP,15Y,20Y,24.56
2019-06-03,USD,Swaption,ICAP,15Y,25Y,24.86
2019-06-03,USD,Swaption,ICAP,15Y,30Y,25.1
2019-06-03,USD,Swaption,ICAP,20Y,1Y,26.5
2019-06-03,USD,Swaption,ICAP,20Y,2Y,26.35
2019-06-03,USD,Swaption,ICAP,20Y,3Y,26.24
2019-06-03,USD,Swaption,ICAP,20Y,4Y,26.16
2019-06-03,USD,Swaption,ICAP,20Y,5Y,26.01
2019-06-03,USD,Swaption,ICAP,20Y,6Y,25.8
2019-06-03,USD,Swaption,ICAP,20Y,7Y,25.58
2019-06-03,USD,Swaption,ICAP,20Y,8Y,25.34
2019-06-03,USD,Swaption,ICAP,20Y,9Y,25.12
2019-06-03,USD,Swaption,ICAP,20Y,10Y,24.94
2019-06-03,USD,Swaption,ICAP,20Y,15Y,24.66
2019-06-03,USD,Swaption,ICAP,20Y,20Y,24.79
2019-06-03,USD,Swaption,ICAP,20Y,25Y,24.99
2019-06-03,USD,Swaption,ICAP,20Y,30Y,25.04
2019-06-03,USD,Swaption,ICAP,25Y,1Y,26.13
2019-06-03,USD,Swaption,ICAP,25Y,2Y,26.07
2019-06-03,USD,Swaption,ICAP,25Y,3Y,25.93
2019-06-03,USD,Swaption,ICAP,25Y,4Y,25.87
2019-06-03,USD,Swaption,ICAP,25Y,5Y,25.87
2019-06-03,USD,Swaption,ICAP,25Y,6Y,25.87
2019-06-03,USD,Swaption,ICAP,25Y,7Y,25.89
2019-06-03,USD,Swaption,ICAP,25Y,8Y,25.89
2019-06-03,USD,Swaption,ICAP,25Y,9Y,25.89
2019-06-03,USD,Swaption,ICAP,25Y,10Y,25.88
2019-06-03,USD,Swaption,ICAP,25Y,15Y,25.93
2019-06-03,USD,Swaption,ICAP,25Y,20Y,25.97
2019-06-03,USD,Swaption,ICAP,25Y,25Y,25.9
2019-06-03,USD,Swaption,ICAP,25Y,30Y,26.11
2019-06-03,USD,Swaption,ICAP,30Y,1Y,26.69
2019-06-03,USD,Swaption,ICAP,30Y,2Y,26.99
2019-06-03,USD,Swaption,ICAP,30Y,3Y,27.17
2019-06-03,USD,Swaption,ICAP,30Y,4Y,27.27
2019-06-03,USD,Swaption,ICAP,30Y,5Y,27.33
2019-06-03,USD,Swaption,ICAP,30Y,6Y,27.39
2019-06-03,USD,Swaption,ICAP,30Y,7Y,27.41
2019-06-03,USD,Swaption,ICAP,30Y,8Y,27.41
2019-06-03,USD,Swaption,ICAP,30Y,9Y,27.38
2019-06-03,USD,Swaption,ICAP,30Y,10Y,27.33
2019-06-03,USD,Swaption,ICAP,30Y,15Y,27.13
2019-06-03,USD,Swaption,ICAP,30Y,20Y,26.8
2019-06-03,USD,Swaption,ICAP,30Y,25Y,26.96
2019-06-03,USD,Swaption,ICAP,30Y,30Y,27.37
